<?xml version="1.0"?>
<images>
  <image name="Agiri Goshiki">
    <source>http://0x40Hues.blogspot.com/Sources/Defaults#Agiri</source>
    <centerPixel>689</centerPixel>
  </image>
  <image name="Ai Enma">
    <source>http://0x40Hues.blogspot.com/Sources/Defaults#Ai</source>
    <align>left</align>
    <centerPixel>772</centerPixel>
  </image>
  <image name="Airi Akizuki">
    <source>http://0x40Hues.blogspot.com/Sources/Defaults#Megumi</source>
    <centerPixel>728</centerPixel>
  </image>
  <image name="Akari Akaza">
    <source>http://0x40Hues.blogspot.com/Sources/Defaults#Akarin</source>
    <centerPixel>593</centerPixel>
  </image>
  <image name="Akatsuki">
    <source>http://0x40Hues.blogspot.com/Sources/Defaults#Akatsuki</source>
    <centerPixel>813</centerPixel>
  </image>
  <image name="Alice Margatroid">
    <source>http://0x40Hues.blogspot.com/Sources/Defaults#Alice</source>
  </image>
  <image name="Astraea">
    <source>http://0x40Hues.blogspot.com/Sources/Defaults#Astraea</source>
    <align>right</align>
    <centerPixel>996</centerPixel>
  </image>
  <image name="Asuha Touhara">
    <source>http://0x40Hues.blogspot.com/Sources/Defaults#Asuha</source>
  </image>
  <image name="Asuka Langley Soryu">
    <source>http://0x40Hues.blogspot.com/Sources/Defaults#Asuka</source>
    <centerPixel>730</centerPixel>
  </image>
  <image name="Ayase Aragaki">
    <source>http://0x40Hues.blogspot.com/Sources/Defaults#Ayase</source>
    <centerPixel>383</centerPixel>
  </image>
  <image name="Ayumu Osaka Kasuga">
    <fullname>Ayumu "Osaka" Kasuga</fullname>
    <source>http://0x40Hues.blogspot.com/Sources/Defaults#Osaka</source>
    <centerPixel>369</centerPixel>
  </image>
  <image name="CC">
    <fullname>C.C.</fullname>
    <source>http://0x40Hues.blogspot.com/Sources/Defaults#CC</source>
    <align>right</align>
    <centerPixel>996</centerPixel>
  </image>
  <image name="Chika Itou">
    <source>http://0x40Hues.blogspot.com/Sources/Defaults#Chika</source>
    <centerPixel>622</centerPixel>
  </image>
  <image name="Chiri Kitsu">
    <source>http://0x40Hues.blogspot.com/Sources/Defaults#Chiri</source>
    <align>right</align>
    <centerPixel>849</centerPixel>
  </image>
  <image name="Chiyo Mihama">
    <source>http://0x40Hues.blogspot.com/Sources/Defaults#Chiyo</source>
    <centerPixel>515</centerPixel>
  </image>
  <image name="Cirno">
    <source>http://0x40Hues.blogspot.com/Sources/Defaults#Cirno</source>
    <centerPixel>570</centerPixel>
  </image>
  <image name="Crona">
    <source>http://0x40Hues.blogspot.com/Sources/Defaults#Crona</source>
    <align>right</align>
  </image>
  <image name="Emi Ibarazaki">
    <source>http://0x40Hues.blogspot.com/Sources/Defaults#Emi</source>
  </image>
  <image name="Eru Chitanda">
    <source>http://0x40Hues.blogspot.com/Sources/Defaults#Chitanda</source>
  </image>
  <image name="Etna">
    <source>http://0x40Hues.blogspot.com/Sources/Defaults#Etna</source>
    <centerPixel>858</centerPixel>
  </image>
  <image name="Eureka">
    <source>http://0x40Hues.blogspot.com/Sources/Defaults#Eureka</source>
    <centerPixel>694</centerPixel>
  </image>
  <image name="Excel">
    <source>http://0x40Hues.blogspot.com/Sources/Defaults#Excel</source>
    <align>right</align>
    <centerPixel>739</centerPixel>
  </image>
  <image name="Faye Valentine">
    <source>http://0x40Hues.blogspot.com/Sources/Defaults#Faye</source>
    <align>right</align>
    <centerPixel>895</centerPixel>
  </image>
  <image name="Felli Loss">
    <source>http://0x40Hues.blogspot.com/Sources/Defaults#Felli</source>
  </image>
  <image name="Flandre Scarlet">
    <source>http://0x40Hues.blogspot.com/Sources/Defaults#Flandre</source>
  </image>
  <image name="Fran Madaraki">
    <source>http://0x40Hues.blogspot.com/Sources/Defaults#Fran</source>
    <centerPixel>511</centerPixel>
  </image>
  <image name="Francesca Lucchini">
    <source>http://0x40Hues.blogspot.com/Sources/Defaults#Lucchini</source>
    <align>left</align>
    <centerPixel>557</centerPixel>
  </image>
  <image name="Fuu Kasumi">
    <source>http://0x40Hues.blogspot.com/Sources/Defaults#Fuu</source>
    <align>left</align>
    <centerPixel>685</centerPixel>
  </image>
  <image name="Galil AR">
    <source>http://0x40Hues.blogspot.com/Sources/Defaults#Galil</source>
    <centerPixel>529</centerPixel>
  </image>
  <image name="Hajime Ichinose">
    <source>http://0x40Hues.blogspot.com/Sources/Defaults#Hajime_Ichinose</source>
    <centerPixel>776</centerPixel>
  </image>
  <image name="Hakase Shinonome">
    <source>http://0x40Hues.blogspot.com/Sources/Defaults#Hakase</source>
    <centerPixel>694</centerPixel>
  </image>
  <image name="Hanako Ikezawa">
    <source>http://0x40Hues.blogspot.com/Sources/Defaults#Hanako</source>
  </image>
  <image name="Haruhi Fujioka">
    <source>http://0x40Hues.blogspot.com/Sources/Defaults#Haruhi_Fujioka</source>
    <centerPixel>694</centerPixel>
  </image>
  <image name="Haruhi Suzumiya">
    <source>http://0x40Hues.blogspot.com/Sources/Defaults#Haruhi</source>
    <align>right</align>
    <centerPixel>584</centerPixel>
  </image>
  <image name="Haruko Haruhara">
    <source>http://0x40Hues.blogspot.com/Sources/Defaults#Haruko</source>
    <align>left</align>
    <centerPixel>218</centerPixel>
  </image>
  <image name="Hitagi Senjougahara">
    <source>http://0x40Hues.blogspot.com/Sources/Defaults#Senjougahara</source>
    <align>right</align>
    <centerPixel>200</centerPixel>
  </image>
  <image name="Hitoha Marui">
    <source>http://0x40Hues.blogspot.com/Sources/Defaults#Hitoha</source>
    <centerPixel>666</centerPixel>
  </image>
  <image name="Holo Wisewolf of Yoitsu">
    <fullname>Holo "Wisewolf of Yoitsu"</fullname>
    <source>http://0x40Hues.blogspot.com/Sources/Defaults#Holo</source>
    <align>right</align>
    <centerPixel>877</centerPixel>
  </image>
  <image name="Homura Akemi">
    <source>http://0x40Hues.blogspot.com/Sources/Defaults#Homura</source>
    <centerPixel>493</centerPixel>
  </image>
  <image name="Hyatt">
    <source>http://0x40Hues.blogspot.com/Sources/Defaults#Hyatt</source>
    <align>right</align>
  </image>
  <image name="Ika Musume">
    <source>http://0x40Hues.blogspot.com/Sources/Defaults#Ika</source>
    <align>left</align>
    <centerPixel>612</centerPixel>
  </image>
  <image name="Iroe Genma">
    <source>http://0x40Hues.blogspot.com/Sources/Defaults#Nee-san</source>
  </image>
  <image name="Kagami Hiiragi">
    <source>http://0x40Hues.blogspot.com/Sources/Defaults#Kagami</source>
  </image>
  <image name="Kanade Tachibana">
    <source>http://0x40Hues.blogspot.com/Sources/Defaults#Kanade</source>
    <align>right</align>
    <centerPixel>877</centerPixel>
  </image>
  <image name="Kaori">
    <source>http://0x40Hues.blogspot.com/Sources/Defaults#Kaori</source>
    <align>left</align>
    <centerPixel>429</centerPixel>
  </image>
  <image name="Karen Kujou">
    <source>http://0x40Hues.blogspot.com/Sources/Defaults#Karen</source>
  </image>
  <image name="Kate">
    <source>http://0x40Hues.blogspot.com/Sources/Defaults#Kate</source>
  </image>
  <image name="Kirino Kousaka">
    <source>http://0x40Hues.blogspot.com/Sources/Defaults#Kirino</source>
    <align>right</align>
    <centerPixel>767</centerPixel>
  </image>
  <image name="Kirisame Marisa">
    <source>http://0x40Hues.blogspot.com/Sources/Defaults#Kirisame_Marisa</source>
    <align>right</align>
    <centerPixel>429</centerPixel>
  </image>
  <image name="Kneesocks Demon Scanty Demon">
    <fullname>Kneesocks Demon, Scanty Demon</fullname>
    <source>http://0x40Hues.blogspot.com/Sources/Defaults#Demon_Sisters</source>
    <centerPixel>849</centerPixel>
  </image>
  <image name="Konata Izumi">
    <source>http://0x40Hues.blogspot.com/Sources/Defaults#Konata</source>
    <align>right</align>
    <centerPixel>831</centerPixel>
  </image>
  <image name="Kurisu Makise">
    <source>http://0x40Hues.blogspot.com/Sources/Defaults#Kurisu</source>
    <centerPixel>721</centerPixel>
  </image>
  <image name="Kuroko Shirai">
    <source>http://0x40Hues.blogspot.com/Sources/Defaults#Kuroko</source>
    <align>right</align>
    <centerPixel>867</centerPixel>
  </image>
  <image name="Kyouka Midarezaki">
    <source>http://0x40Hues.blogspot.com/Sources/Defaults#Kyouka</source>
    <align>right</align>
    <centerPixel>904</centerPixel>
  </image>
  <image name="Kyouko Sakura">
    <source>http://0x40Hues.blogspot.com/Sources/Defaults#Kyouko_Sakura</source>
    <centerPixel>529</centerPixel>
  </image>
  <image name="Kyouko Toshinou">
    <source>http://0x40Hues.blogspot.com/Sources/Defaults#Kyouko_Toshinou</source>
    <centerPixel>538</centerPixel>
  </image>
  <image name="Kyuubey">
    <source>http://0x40Hues.blogspot.com/Sources/Defaults#Kyubey</source>
    <centerPixel>502</centerPixel>
  </image>
  <image name="Lain">
    <fullname>Lain Iwakura</fullname>
    <source>http://0x40Hues.blogspot.com/Sources/Defaults#Lain</source>
    <align>left</align>
    <centerPixel>412</centerPixel>
    <frameDuration>83,83,83,83,83,83,83,83,83,83,83,83,83,83,83,83,83,83</frameDuration>
  </image>
  <image name="Lain Iwakura">
    <source>http://0x40Hues.blogspot.com/Sources/Defaults#Lain</source>
    <centerPixel>291</centerPixel>
  </image>
  <image name="Lala-Ru">
    <source>http://0x40Hues.blogspot.com/Sources/Defaults#Lala-Ru</source>
    <centerPixel>401</centerPixel>
  </image>
  <image name="Lilly Satou">
    <source>http://0x40Hues.blogspot.com/Sources/Defaults#Lilly</source>
    <centerPixel>481</centerPixel>
  </image>
  <image name="Louise Franoise Le Blanc de La Vallire">
    <fullname>Louise Françoise Le Blanc de La Vallière</fullname>
    <source>http://0x40Hues.blogspot.com/Sources/Defaults#Louiseouise</source>
  </image>
  <image name="Lucy">
    <source>http://0x40Hues.blogspot.com/Sources/Defaults#Lucy</source>
    <align>left</align>
    <centerPixel>273</centerPixel>
  </image>
  <image name="Madotsuki">
    <source>http://0x40Hues.blogspot.com/Sources/Defaults#Madotsuki</source>
    <centerPixel>822</centerPixel>
  </image>
  <image name="Mai Minakami">
    <source>http://0x40Hues.blogspot.com/Sources/Defaults#Mai</source>
    <align>right</align>
  </image>
  <image name="Maka Albarn">
    <source>http://0x40Hues.blogspot.com/Sources/Defaults#Maka</source>
    <align>right</align>
    <centerPixel>1005</centerPixel>
  </image>
  <image name="Makina Sakamaki">
    <source>http://0x40Hues.blogspot.com/Sources/Defaults#Makimaki</source>
    <centerPixel>538</centerPixel>
  </image>
  <image name="Makoto Kikuchi">
    <source>http://0x40Hues.blogspot.com/Sources/Defaults#Makoto</source>
    <centerPixel>573</centerPixel>
  </image>
  <image name="Mami Tomoe">
    <source>http://0x40Hues.blogspot.com/Sources/Defaults#Mami</source>
    <align>right</align>
    <centerPixel>478</centerPixel>
  </image>
  <image name="Mao Amatsuka">
    <source>http://0x40Hues.blogspot.com/Sources/Defaults#Mao</source>
  </image>
  <image name="Mary">
    <source>http://0x40Hues.blogspot.com/Sources/Defaults#Mary</source>
    <align>right</align>
    <centerPixel>968</centerPixel>
  </image>
  <image name="Mashiro Mitsumine">
    <source>http://0x40Hues.blogspot.com/Sources/Defaults#Mashiro</source>
  </image>
  <image name="Mashiro Shiina">
    <source>http://0x40Hues.blogspot.com/Sources/Defaults#Shiina</source>
    <centerPixel>610</centerPixel>
  </image>
  <image name="Mayaka Ibara">
    <source>http://0x40Hues.blogspot.com/Sources/Defaults#Ibara</source>
    <centerPixel>740</centerPixel>
  </image>
  <image name="Mayoi Hachikuji">
    <source>http://0x40Hues.blogspot.com/Sources/Defaults#Mayoi</source>
    <align>left</align>
    <centerPixel>383</centerPixel>
  </image>
  <image name="Mayuri Shiina">
    <source>http://0x40Hues.blogspot.com/Sources/Defaults#Mayuri</source>
    <centerPixel>721</centerPixel>
  </image>
  <image name="Melfina">
    <source>http://0x40Hues.blogspot.com/Sources/Defaults#Melfina</source>
    <align>left</align>
    <centerPixel>538</centerPixel>
  </image>
  <image name="Mey-Rin">
    <source>http://0x40Hues.blogspot.com/Sources/Defaults#Mey-Rin</source>
    <align>left</align>
    <centerPixel>621</centerPixel>
  </image>
  <image name="Miho Nishizumi">
    <source>http://0x40Hues.blogspot.com/Sources/Defaults#Miho</source>
  </image>
  <image name="Mikoto Misaka">
    <source>http://0x40Hues.blogspot.com/Sources/Defaults#Misaka</source>
    <align>left</align>
    <centerPixel>401</centerPixel>
  </image>
  <image name="Miku Hatsune">
    <source>http://0x40Hues.blogspot.com/Sources/Defaults#Miku</source>
    <align>right</align>
    <centerPixel>922</centerPixel>
  </image>
  <image name="Mio Akiyama">
    <source>http://0x40Hues.blogspot.com/Sources/Defaults#Mio</source>
    <align>right</align>
  </image>
  <image name="Mio Naganohara">
    <source>http://0x40Hues.blogspot.com/Sources/Defaults#Mio_Naganohara</source>
    <align>right</align>
    <centerPixel>1005</centerPixel>
  </image>
  <image name="Mirai Kuriyama">
    <source>http://0x40Hues.blogspot.com/Sources/Defaults#Mirai</source>
    <centerPixel>603</centerPixel>
  </image>
  <image name="Misaki Nakahara">
    <source>http://0x40Hues.blogspot.com/Sources/Defaults#Misaki</source>
    <centerPixel>493</centerPixel>
  </image>
  <image name="Miu Matsuoka">
    <source>http://0x40Hues.blogspot.com/Sources/Defaults#Miu</source>
    <centerPixel>941</centerPixel>
  </image>
  <image name="Miyako">
    <source>http://0x40Hues.blogspot.com/Sources/Defaults#Miyako</source>
    <centerPixel>511</centerPixel>
  </image>
  <image name="Mizuki Himeji">
    <source>http://0x40Hues.blogspot.com/Sources/Defaults#Mizuki</source>
    <centerPixel>365</centerPixel>
  </image>
  <image name="Momo Belia Deviluke">
    <source>http://0x40Hues.blogspot.com/Sources/Defaults#Momo</source>
  </image>
  <image name="Monoko">
    <source>http://0x40Hues.blogspot.com/Sources/Defaults#Monoko</source>
    <align>left</align>
    <centerPixel>209</centerPixel>
  </image>
  <image name="Morgiana">
    <source>http://0x40Hues.blogspot.com/Sources/Defaults#Morgiana</source>
    <align>left</align>
    <centerPixel>648</centerPixel>
  </image>
  <image name="Motoko Major Kusanagi">
    <fullname>Motoko "Major" Kusanagi</fullname>
    <source>http://0x40Hues.blogspot.com/Sources/Defaults#Motoko</source>
    <align>right</align>
    <centerPixel>666</centerPixel>
  </image>
  <image name="Nano Shinonome">
    <source>http://0x40Hues.blogspot.com/Sources/Defaults#Nano</source>
    <centerPixel>913</centerPixel>
  </image>
  <image name="Nol Kannagi">
    <fullname>Noël Kannagi</fullname>
    <source>http://0x40Hues.blogspot.com/Sources/Defaults#Noel</source>
    <centerPixel>794</centerPixel>
  </image>
  <image name="Nymph">
    <source>http://0x40Hues.blogspot.com/Sources/Defaults#Nymph</source>
  </image>
  <image name="Onihime">
    <source>https://0x40hues.blogspot.com/p/0x40-hues-default-sources.html#Onihime</source>
    <centerPixel>922</centerPixel>
  </image>
  <image name="Popura Taneshima">
    <source>http://0x40Hues.blogspot.com/Sources/Defaults#Popura</source>
  </image>
  <image name="Rei Ayanami">
    <source>http://0x40Hues.blogspot.com/Sources/Defaults#Rei</source>
  </image>
  <image name="Renge Miyauchi">
    <source>http://0x40Hues.blogspot.com/Sources/Defaults#Renge</source>
    <centerPixel>474</centerPixel>
  </image>
  <image name="Rika Furude">
    <source>http://0x40Hues.blogspot.com/Sources/Defaults#Rika</source>
    <align>left</align>
    <centerPixel>548</centerPixel>
  </image>
  <image name="Rikka Takanashi">
    <source>http://0x40Hues.blogspot.com/Sources/Defaults#Rikka</source>
    <centerPixel>612</centerPixel>
  </image>
  <image name="Rin Tezuka">
    <source>http://0x40Hues.blogspot.com/Sources/Defaults#Rin_Tezuka</source>
    <centerPixel>319</centerPixel>
  </image>
  <image name="Rin Tohsaka">
    <source>http://0x40Hues.blogspot.com/Sources/Defaults#Rin</source>
    <centerPixel>804</centerPixel>
  </image>
  <image name="Ritsu Tainaka">
    <source>http://0x40Hues.blogspot.com/Sources/Defaults#Ritsu</source>
    <centerPixel>732</centerPixel>
  </image>
  <image name="Ruri Gokou">
    <source>http://0x40Hues.blogspot.com/Sources/Defaults#Ruri</source>
    <centerPixel>328</centerPixel>
  </image>
  <image name="Ryuuko Matoi">
    <source>http://0x40Hues.blogspot.com/Sources/Defaults#Ryuuko</source>
    <align>right</align>
    <centerPixel>831</centerPixel>
  </image>
  <image name="SAKO RK95">
    <source>http://0x40Hues.blogspot.com/Sources/Defaults#Sako</source>
    <align>right</align>
    <centerPixel>666</centerPixel>
  </image>
  <image name="Sakura Kinomoto">
    <source>http://0x40Hues.blogspot.com/Sources/Defaults#Sakura</source>
    <centerPixel>584</centerPixel>
  </image>
  <image name="Sakurako Ohmuro">
    <source>http://0x40Hues.blogspot.com/Sources/Defaults#Sakurako</source>
  </image>
  <image name="Sanae Dekomori">
    <source>http://0x40Hues.blogspot.com/Sources/Defaults#Sanae</source>
    <align>left</align>
    <centerPixel>680</centerPixel>
  </image>
  <image name="Shinobu Oshino">
    <source>http://0x40Hues.blogspot.com/Sources/Defaults#Shinobu</source>
    <centerPixel>702</centerPixel>
  </image>
  <image name="Sonya">
    <source>http://0x40Hues.blogspot.com/Sources/Defaults#Sonya</source>
    <centerPixel>502</centerPixel>
  </image>
  <image name="Stocking Anarchy">
    <source>http://0x40Hues.blogspot.com/Sources/Defaults#Stocking</source>
  </image>
  <image name="Suiseiseki">
    <source>http://0x40Hues.blogspot.com/Sources/Defaults#Suiseiseki</source>
    <align>left</align>
    <centerPixel>191</centerPixel>
  </image>
  <image name="Taiga Aisaka">
    <source>http://0x40Hues.blogspot.com/Sources/Defaults#Taiga</source>
  </image>
  <image name="Tomoko Kuroki">
    <source>http://0x40Hues.blogspot.com/Sources/Defaults#Tomoko</source>
  </image>
  <image name="Tsumiki Miniwa">
    <source>http://0x40Hues.blogspot.com/Sources/Defaults#Tsumiki</source>
    <centerPixel>968</centerPixel>
  </image>
  <image name="Urotsuki">
    <source>http://0x40Hues.blogspot.com/Sources/Defaults#Urotsuki</source>
    <centerPixel>913</centerPixel>
  </image>
  <image name="Winry Rockbell">
    <source>http://0x40Hues.blogspot.com/Sources/Defaults#Winry</source>
    <align>right</align>
    <centerPixel>1041</centerPixel>
  </image>
  <image name="Yasuna Oribe">
    <source>http://0x40Hues.blogspot.com/Sources/Defaults#Yasuna</source>
    <align>left</align>
    <centerPixel>255</centerPixel>
  </image>
  <image name="Yin">
    <source>http://0x40Hues.blogspot.com/Sources/Defaults#Yin</source>
    <centerPixel>694</centerPixel>
  </image>
  <image name="Yoko Littner">
    <source>http://0x40Hues.blogspot.com/Sources/Defaults#Yoko</source>
    <centerPixel>968</centerPixel>
  </image>
  <image name="Yotsuba Koiwai">
    <source>http://0x40Hues.blogspot.com/Sources/Defaults#Yotsuba</source>
    <centerPixel>630</centerPixel>
  </image>
  <image name="You Kasukabe">
    <source>http://0x40Hues.blogspot.com/Sources/Defaults#Kasukabe</source>
  </image>
  <image name="Yui Hirasawa">
    <source>http://0x40Hues.blogspot.com/Sources/Defaults#Yui</source>
    <centerPixel>663</centerPixel>
  </image>
  <image name="Yukari Hinata">
    <source>http://0x40Hues.blogspot.com/Sources/Defaults#Yukari</source>
    <centerPixel>804</centerPixel>
  </image>
  <image name="Yuki Nagato">
    <source>http://0x40Hues.blogspot.com/Sources/Defaults#Yuki</source>
    <centerPixel>605</centerPixel>
  </image>
  <image name="Yuno">
    <source>http://0x40Hues.blogspot.com/Sources/Defaults#Yunocchi</source>
  </image>
  <image name="Yuno Gasai">
    <source>http://0x40Hues.blogspot.com/Sources/Defaults#Yuno</source>
  </image>
  <image name="Yuuko Aioi">
    <source>http://0x40Hues.blogspot.com/Sources/Defaults#Yuuko</source>
    <centerPixel>913</centerPixel>
  </image>
  <image name="Yuuko Kanoe">
    <source>http://0x40Hues.blogspot.com/Sources/Defaults#Kanoe</source>
    <align>right</align>
    <centerPixel>895</centerPixel>
  </image>
</images>