<?xml version="1.0"?>
<songs>
 
 <song name="loop_EverythingGoesOn">
	<title>Porter Robinson - Everything Goes On</title>
	<rhythm>...................................o.o...x...ooo.o...o...x...o.o...o.o...x...ooo.o...o...x...o.x...o.o...x...ooo.o...o...x...ooo.o...o...x...o.o.x.o...o...S..V..o.x...x...o.o.o.x...o.x...o.o.o.o.x...x...o.o.o.x...o.x...o.o.o.o.x...x...o.o.o.x...o.x...o.o.o.o.x...x...o.o.o.x...o.x...o.o.o.o.x...x...o.o.o.x...o.x...o.o.o.o.x...x...o.o.o.o...o.x...o.o.o.o.x...o...o.o.o.x...o.o...o.o.o.o.x...o...o.o.o.x.:...o..oo.o.SVSVo...o.....:.o...:...x...:...:...:...o.....:.x...:..:o...:...x...:...o.....:.x...:...o...:...:...:...x.....:.o.:.:...o..::...ossv:...o....:..o...:...o...:...:...:...o.....:.o...:..:o..::...o...:...o.....:.o...:...o...:...:...:...o.....:.o.:.:...o...:...o...-...-...-...-...-...-...-...-...-...-...-...-...-...-...-...-...-...-...-...-...-...-...-...-...-...-...-...-...-...-...-...-...=...=...=...=...=...=...=...=...=...=...=...=...=...=...=...=...=...=...=...=...=...=...=...=...=...=...=...=...oss.V...S...v...o.:.x.....:.o...:...o.:...:.x...:...x.....:.o...:..:o...:...x...:...x.....:.o...:...o.:...:.x...o.x.:.:.o.x.:.:.o.x.:.:.o.:.xoxo:...o.....:.x...:...o.:...:.x...:...o.....:.x...:..:o...:...x...:...o.:...oxo...:...o...x.x.xooo:.:.x...:.:.o.:.:...:.....ooo:o.................................................................................................................o...o..xx.x.o................................................................................................................................SVS:...o.....:.o...:...o...:...:...:...o.....:.o...:..:o...:...o...:...o.....:.o...:...o...:...:...:...o.....:.o.:.:...o...x...o....(...............(...............(...............(...............(...............(...............(...............(.........~.....=...............=...............=...............=...............=...............=...............=...............=.....+.....SVSo...o.....:.o...:...o.:...:.o...:...o.....:.o...:..:o...:...o...:...o.....:.o...:...o.:...:.o...:...o.:...:.o.:....:o.:...:.oooo:...o.....:.o...:...o.:...:.o...:...o.....:.o...:..:o...:...o...:...o.:...ooo...:...o...o.o.ooo.:.:.o....:.:o..x......................▼................................</rhythm>
	<rhythm2>...........................................................................................................................................................X..X....O...............................................................................................................................................................................................................................................................................................................................................................................................................................................................................................................................................................................................................................................................................................................................................................................▼...▲..._.......................................................................................................................................................................................................................................................................o.o...x...ooo.o...o...x...o.o...o.o...x...ooo.o...o...x...o.x...o.o...x...ooo.o...o...x...ooo.o...o...x...o.o.o...............o.x...x...o.o.o.o.x...x...o.o.o.o.x...x...o.o.o.x...o.x...o.o.o.o.x...x...o.o.o.x...o.x...o.o.o.o.x...x...o.o.o.x...o.x...o.o.o.o.x...x...o.o.o..........................................................................................................................................................................................................................................................................................................................................................................................................................................................................................................................................................................................................................................................................................</rhythm2>
  </song>
  
  <song name="Diamond_loop">
    <title>Xilent ft. Diamond Eyes - Animation</title>
    <source>https://www.youtube.com/watch?v=K0acU4Ep1ZI</source>
    <rhythm>OOO..x....o.x.....o.x.....o.x...OOO..x....o.x.....o.x.....o.x...OOO..x....o.x.....o.x.....o.x...OOO..x....o.x...x+o+x+o+x+o+x▽..OOO..x....o.x.....o.x.....o.x...OOO..x....o.x.....o.x.....o.x...OOO..x....o.x.....o.x.....o.x...OOO..x....o.x...!.~.............o....x....o.x...o....x....o.x...o....x....o.x...o....x....o.x...o....x....o.x...o....x....o.x...o....x....o.x...o....x....o.xssso....x....o.x...o....x....o.x...o....x....o.x...o....x....o.x...o....x....o.x...o....x....o.x...o.....¡..-..¡..-..¡..-..¡.|.|.||OOO..o....o.x.....o.x.....o.x...OOO..o....o.x.....o.x.....o.x...OOO..o....o.x.....o.x.....o.x...OOO..o....o.x...x+o+x+o+x+o+x▽..OOO..o....o.x.....o.x.....o.x...OOO..o....o.x.....o.x.....o.x...OOO..o....o.x.....o.x.....o.x...OOO..o....o.x...!.~.............o...............................-...........-...................-.....-.....-...................-.....-.....=...................-.....:.....:.....:.....:.....:.-.....:.....-.....:.....:.....:.-.....-.....-.....:.....:.....:.:...:.:=....=...................x.....x.....x.....x.....x...x...x.....x.....x.....x.....x...x...x.....x.....x.....x.....x...x...x.....x.....x.....x.....x...x...X.....X.....X.....X.....X...X...X.....X.....X.....X.....X...X...X.....X.....X.....X.....X...X...x.x...x.x...x.x.o.+.............</rhythm>
    <rhythm2>:::.............................:::.............................:::.............................:::.............................:::.............................:::.............................:::.............................:::.................s.v.s.v.s...i...............................................................................................................................△........................_......_...............................................................~...△..¯.....¯..△..¯........_...:::.............................:::.............................:::.............................:::.............................:::.............................:::.............................:::.............................:::.................s.v.s.v.s..._.......................................................................................................................................................................................................................................▽......_....▽....._.....¯...............................................................................................................................=.....=.....=.....=.....=...=...=.....=.....=.....=.....=...=...=.....=.....=.....=.....=...=...|.|...|.|...|.|.................</rhythm2>
    <rhythm3>XXX.............................XXX.............................XXX.............................XXX.............................XXX.............................XXX.............................XXX.............................XXX........................&gt;....¯...............................................................................................................................i...............................................................................................................................XXX.............................XXX.............................XXX.............................XXX.............................XXX.............................XXX.............................XXX.............................XXX........................&gt;....¯...............................................................................................................................................................................................................................▽......._...▽......_....▽......_△..............................................................................................._...............................................................................................................................................................</rhythm3>
    <rhythm4>¯........._.........................................................................................................................................................................................................................................▽...........¯.._......................................................................................................................................................................................................................................△..¯........△..¯........._............................................................................................................................................................................................................................................................△..............................._...............................................................................................△..............................._...................................................................▽......._...▽......_.....sss¯.._............................................................................................................................................................................................................................................................</rhythm4>
    <buildup>Diamond_build</buildup>
    <buildupRhythm>△.▼................................................................................................._...........................x.┊.x.┊.x.┊.x.┊.x.┊.x.┊.x.┊.x.┊.x.┊.x.┊.x.┊.x.┊.x.┊.x.┊.x.┊.x.┊.=.=.=.=.=.=.=.=.=.=.=.=.=.=.=.=.=.=.=.=.=.=.=.=.================</buildupRhythm>
    <buildupRhythm2>.~...............................~...............................~...............................~.._...........................................................................................................................................................</buildupRhythm2>
    <buildupRhythm3>x........*.*.*.......*.*.*.*....-........*.*.*.......*.*.*.*....-........*.*.*.......*.*.*.*....-....*...*.*.*.......*.*.*.*....................................................................................................................................</buildupRhythm3>
    <buildupRhythm4>....v...s.v.s.v.....s.v.s.v.s...ii..v...s.v.s.v.....s.v.s.v.s...ii..v...s.v.s.v.....s.v.s.v.s...ii..v...s.v.s.v.....s.v.s.v.s...¯.._...................................................................▽........................................................</buildupRhythm4>
  </song>
  
  <song name="loop_glitch">
	<title>KORDHELL - Glitch Krush</title>
	<rhythm>!...ox....xo....:...xo..o...o.......ox....xo....:...xo..x...o.......ox....xo....:...xo..o...x.......ox....xo....osvsvs..x...O...┊#......!..o.:..:...xo..o...o.......ox....xo....:...xo..o...o....▼..ox....xo....:...xo..o...o.......ox....xo....:s:vxo..o...i...x...XO..x..OO...x...O...xO..X...x...XO..x..OO...x...O...xO..X...x...XO..x..OO...x...O...xO..X...x...XO..x..OO...I...O...xO..I...x...XO..x..OO...x...O...xO..X...x...XO..x..OO...x...O...IO..+...................................+.......+.......+.......¯:..:.O.!...ox....xo....:...xo..o...o.......ox....xo....:...xo..x...o.......ox....xo....:...xo..o...x.......ox....xo....osvsvs..x.O.X...┊#......!..o.:..:...xo..o...o.......ox....xo....:...xo..x...o...I.o.i.....xo....:...xo..x...o...oO:X:O....oO:X:OiS.V.S.V-.←.i...x¯..XO..x..OO...x...O...xO..X...x...XO..x..OO...x...O...xO..X...x...XO..x..OO...x...O...xO..X...x...XO..x..OO...I..iO...xO..+...x.|.XO.....OO...x...O...xO..X...x...XO..x..OO...x...O...xO..X...x...XO..x..OO...x...O...xO..X...x...XO..x..OO...x...O...xO..X...o.......(...............(...............(...............(...............(...............(...............(...............(.......o.......o.......o.......o.......o.......o.......o.......o.......|...............|...............|.......|.......|.......+.......</rhythm>
	<rhythm2>..................................................vsvsv¯........................................:................................X...............................................................↓.................................................O.X......OX.......:......:.......:.......:........:......:.......:.......:........:......:.......:.......:........:......:...svsv:.......:........:......:.......:.......:........:......:.......:.......:..................................-.....-.......-......-.....O.X.X...................................................vsvsv¯........................................:...........................:.............................................................:.....O.X.O...........................................................¯....:......:.......:.......:........:......:.......:.......:........:......:.......:.......:........:......:...svsv:.......:....ssv|:..|...:.......:.......:........:......:.......:.......:........:......:.......:.......:........:......:.....:.:.:...:.:....................................................................................................................................................................................................................................X.......O.......X..............</rhythm2>
	<buildup>build_glitch</buildup>
	<buildupRhythm>....-:....-:....:...-:..-...-.......-:....-:....:...-:..-...-.......-:....-:....:...-::.-...-...↑...svvsOXOS...:::::::s..x..:.:.</buildupRhythm>
	<buildupRhythm2>....................................................................................................::::.......OOOOOOO......O.X.</buildupRhythm2>
  </song>
  
  <song name="verticalSmoke">
    <title>Elenne - Vertical Smoke</title>
    <source>https://www.youtube.com/watch?v=Qbl19IeThOs</source>
    <rhythm>o..XOX+.x~~~~~~~|.|.|.|.xs......o..XOX+.x..-.=..I...I..I..:.-...I~~~~~~~I...-...-iI..iI..iI.-...I~...XXXx.o.I..Io...-...:.:.x.o.o~~~~~~~||||x.|.I..iIi.o~...x...o...I...I~..----I..iIiOoO.I.o..io..XOX+.x...-..-...--.-.-.-.Is.io...:.:.o...:.:.I...-...-.:.Is..o...-...-..-:..--..--..IS...S...I...-...o...----o..--..-O.o:o:o:o..XOX+.x..-...--..--..I~...----I..-...--...-.-.O|||-.-I~.:.s...I~..-...x...-.-.O..--.-.-.I.i~..o...I.ooI...----o..--.-.-.I.i..:o...(...x...(..:..:.(.:.:..:(~..x.o...o.x..o..o.x.o.x.o.xx.xx.:.</rhythm>
    <buildup>verticalSMoke_build</buildup>
    <buildupRhythm>-...-..--.s.....</buildupRhythm>
  </song>
  
  <song name="new_wii_loop">
    <title>Nicky Flowers - Wii Shop Channel (Remix)</title>
    <source>https://soundcloud.com/nicky-flowers/wii-shop-channel-remix</source>
    <rhythm>O...-...X.*.:.*.O.*.-...X...-.-.o...:...x...:.*.o.*.:...x...:.-.O...-...X.*.:.*.O.*.-...X...-.-.o...:...x...:.*.o.*.:...x...:.-.O...-...X.*.:.*.O.*.-...X...-.-.o...:...x...:.*.o.*.:...x...:.-.O...-...X.*.:.*.O.*.-...X...-.-.o...:...x...:.*.o.*.:...x...:.-.o...s...X...:...o...s...X...:.:.o...s...X...:...o.:.s...X...:.:.o...s...X...:...o...s...X...:.:.o...s...X...:...o...s...X...:.:.o...+...x...:.*.o.*.+...x...:.-.o...+...x...:.*.o.*.+...x...:.-.o...~...x...:...o...~...x...:.:.o...~...x...:...o...~...x...:.:.O...-...X.*.:.*.O.*.-...X...-.-.o...:...x...:.*.o.*.:...x...:.-.O...-...X.*.:.*.O.*.-...X...-.-.o...:...x...:.*.o.*.:...x...:.-.O...-...X.*.:.*.O.*.-...X...-.-.o...:...x...:.*.o.*.:...x...:.-.O...-...X.*.:.*.O.*.-...X...-.-.o...:...x...:.*.o.*.:...x...:.-.I...:...x...:...o...:...x...:.:.I...:...x...:...o...:...x...:.:.I...:...x...:...o...:...x...:.:.I...:...x...:...o...:...x...:.:.o...-...x.*.:.*.o.*.-...x...-.-.O...:...X...:.*.O.*.:...X...:.-.o...-...x.*.:.*.o.*.-...x...-.-.+.......I.~.....i.|.|.|.|..|..|.</rhythm>
    <buildup>new_wii_build</buildup>
    <buildupRhythm>|.|||.||.|..|+..|.|||..|..|||+..</buildupRhythm>
    <independentBuild>true</independentBuild>
  </song>
  
  <song name="start_loop">
    <title>MDK - Press Start (VIP Mix)</title>
    <source>https://www.youtube.com/watch?v=SYDwZLfICVw</source>
    <rhythm>o.......x...-.-.O..-..-.S.S.S.S.o.:.:.:.x...||||o.....-.x...-.-.o.-.-...x.-.-...o.-.-.-.x.-.-.-.i.-...-...-.-.-.o.-...-.=~~~~~~~I...|||.x...:.:.o.-...-.x.s.s.s.o...|.|.x(..-...o...:.-.x...-.-.o.-.-...x.-.-...|.|.|.|.|.|.|.|.I...-.xxxxx¤..-.o...Ixxx=.=.=.=.o.......x...-.-.O..-..-.S.S.S.S.o.:.:.:.x...||||o...||||x...||||o.-.-...x.-.-...o.-.-.-.x.-.-.-.o.:.:.:.x.:.:.:.o.|||...oxoxoxoxO)......x...:.:.o.-...-.x.s.s.s.o...|.|.x(..-...o...:.-.x...-.-.o.-.-...x.-.-...|.|.|.|.|.|.|.|.-.:.:.-.:.:.-.:.:.-.:.:.-.:.-.:.</rhythm>
    <buildup>start_build</buildup>
    <buildupRhythm>o...:...x...x.x.o.o.o.||x.x.o.o.)..xxxxx-.-.-.-.s.......S.......</buildupRhythm>
  </song>
  
</songs>