<?xml version="1.0"?>
<songs>
  <song name="loop_Finale">
    <title>Madeon - Finale</title>
    <source>http://0x40Hues.blogspot.com/Sources/Defaults#loop_Finale</source>
    <rhythm>x..xo...x...o...x..xo...x...o...x..xo...x...o...x..xo...x...oxoox..xo...x...o...x..xo...x...o...x..xo...x...o...x...o...x...oooo</rhythm>
    <buildup>build_Finale</buildup>
    <buildupRhythm>.</buildupRhythm>
  </song>
  <song name="loop_Radioactive">
    <title>Imagine Dragons - Radioactive</title>
    <source>http://0x40Hues.blogspot.com/Sources/Defaults#loop_Radioactive</source>
    <rhythm>o...x.o.o...x.o.o...x...o...x.o.o...x.o.o...x.......x.......x...</rhythm>
  </song>
  <song name="loop_RowRow">
    <title>Row Row Fight the Powah (RAGEFOXX &amp; SLUTTT MIX)</title>
    <source>http://0x40Hues.blogspot.com/Sources/Defaults#loop_RowRow</source>
    <rhythm>o...x...o...x...o...x...o...x...o...x...o...x...o...x...o...xxx.x...x...o...x...o...x...o...x...o...x...o...x...o...x...o...x...</rhythm>
  </song>
  <song name="loop_Desire">
    <title>Outlaw Star OST - Desire</title>
    <source>http://0x40Hues.blogspot.com/Sources/Defaults#loop_Desire</source>
    <rhythm>o...x...o.o.x.x...o.x...o.o.x...o...x...o.o.x.x...o.x...oo..x.x.o...x...o.o.x.x...o.x...oo..x.x.o...x...o.o.x.x...o.x...x...x.xx</rhythm>
    <buildup>build_Desire</buildup>
    <buildupRhythm>x.....x.x.x.xxx.</buildupRhythm>
  </song>
  <song name="loop_OutOfSight">
    <title>The Bloody Beetroots - Out of Sight</title>
    <source>http://0x40Hues.blogspot.com/Sources/Defaults#loop_OutOfSight</source>
    <rhythm>o.....oox.......o.o....ox.......o.....oox...o...o.o....ox.......o......ox.......o.o....ox.......o.....oox...o...o.o.....+.......</rhythm>
  </song>
  <song name="loop_SmileWithoutAFace">
    <title>Buckethead - Smile Without a Face</title>
    <source>http://0x40Hues.blogspot.com/Sources/Defaults#loop_SmileWithoutAFace</source>
    <rhythm>o......ox.....o.o.......x.......o......ox.....o.o.....o.x.ooooooo......ox.....o.o.......x.......o......ox.....o.o.....o.x.oooooo</rhythm>
    <buildup>build_SmileWithoutAFace</buildup>
    <buildupRhythm>..o.....-:x.......o.....-:x.......o.....-:x.......o.....-:x.......o.....-:x.......o.....-:x.x.....</buildupRhythm>
  </song>
  <song name="loop_CourtshipDate">
    <title>Crystal Castles - Courtship Dating</title>
    <source>http://0x40Hues.blogspot.com/Sources/Defaults#loop_CourtshipDate</source>
    <rhythm>o...x.....o.x...o...x.....o.x...o...x.....o.x...o...x.....o.+...</rhythm>
  </song>
  <song name="loop_Vordhosbn">
    <title>Aphex Twin - Vordhosbn</title>
    <source>http://0x40Hues.blogspot.com/Sources/Defaults#loop_Vordhosbn</source>
    <rhythm>o...x..---o.x...-.o.x------.x..-o.-.x.o..-.ox-.-----x-o-------o-o...x..---o.x...-.o.x------.x..-o.-.x.o..-.ox-.-----x-o-------o-o...x..---o.x...-.o.x------.x..-o.-.x.o..-.ox-.-----x-o-------o-o...x..---o.x...-.o.x------.x..-o.-.x.o..-.ox-.-----x-o-------o-o...x..---o.x...-.o.x------.x..-o.-.x.o..-.ox-.-----x-o-------o-o...x..---o.x...-.o.x------.x..-o.-.x.o..-.ox-.-----x-o-------o-</rhythm>
    <buildup>build_Vordhosbn</buildup>
    <buildupRhythm>:...x..------.......-.-----.+...............x..-.-.--.-.-.-.---.</buildupRhythm>
  </song>
  <song name="loop_Orange">
    <title>Culprate - Orange Sunrise, Sunset</title>
    <source>http://0x40Hues.blogspot.com/Sources/Defaults#loop_Orange</source>
    <rhythm>o.o.x..o.x.x....o..ox......x....o...x....o.x....o...x....o.xx...o.o.x..o.x.x....o..ox......x....o...x....o.x...xo...x....o.xx...</rhythm>
  </song>
  <song name="loop_Spoiler">
    <title>Hyper - Spoiler</title>
    <source>http://0x40Hues.blogspot.com/Sources/Defaults#loop_Spoiler</source>
    <rhythm>o+......x+......o+......x+......o+......x+......o+......x+......o+......x+......o+......x+......o+......x+......o+..............o+......x+......o+......x+......o+......x+......o+......x+......o+......x+......o+......x+......o---------------o+......x.......</rhythm>
  </song>
  <song name="loop_Kryptonite">
    <title>DJ Fresh - Kryptonite</title>
    <source>http://0x40Hues.blogspot.com/Sources/Defaults#loop_Kryptonite</source>
    <rhythm>o.x..ox.o.x..ox.o.x..ox.o.x..ox.o.x..xx.o.x..xx.o.x..xx.o.x..xx.o.x..ox.o.x..ox.o.x..ox.o.x..ox.o.x..xx.o.x..xx.o.xx.xx.o.x..xx.</rhythm>
  </song>
  <song name="loop_BeyondRightNow">
    <title>STS9 - Beyond Right Now (Glitch Mob Remix)</title>
    <source>http://0x40Hues.blogspot.com/Sources/Defaults#loop_BeyondRightNow</source>
    <rhythm>o.......x...o.......o...xxxxx...o.o.....x...o.......o...xxxxx...o.......x...o.......o...xxxxx...o.......x...o...o.......+.......o.......x...o.......o...xxxxx...o.o.....x...o...-.-.o.-.xxx+x+x+o.......x...o.......o...xxxxx...o.......x...o...o...o.o.+.......</rhythm>
  </song>
  <song name="loop_HoldMyLiquor">
    <title>Kanye West - Hold My Liquor</title>
    <source>http://0x40Hues.blogspot.com/Sources/Defaults#loop_HoldMyLiquor</source>
    <rhythm>o...o...o...o...o...o...o...o...o...o...o...o...o...o...o...o...o...o...o...o...o...o...o...o...o...o...o...o...o...o...o...o...o...o...o...o...o...o...o...o...o...o...o...o...o...o...o...o...o...o...o...o...o...o...o...o...o...o...o...o...............+...</rhythm>
  </song>
  <song name="loop_Heart">
    <title>Savant - Heart</title>
    <source>http://0x40Hues.blogspot.com/Sources/Defaults#loop_Heart</source>
    <rhythm>o...x...o...x...o...x...o...x...o...x...o...x...o...x...o...x.-.o...x...o...x...o...x...o...x...o...x...o...x...o...x...o...xx-.</rhythm>
    <buildup>build_Heart</buildup>
    <buildupRhythm>o....</buildupRhythm>
  </song>
  <song name="loop_FuturePeople">
    <title>SynSUN - Future People (Sonic Elysium Remix)</title>
    <source>http://0x40Hues.blogspot.com/Sources/Defaults#loop_FuturePeople</source>
    <rhythm>o...x...o...x...o...x...o...x...o...x...o...x...o...x...o...x...o...x...o...x...o...x...o...x...o...x...o...x...o---o---o-------o...x...o...x...o...x...o...x...o...x...o...x...o...x...o...x...o...x...o...x...o...x...o...x...o...x...o...x...:.:.:.:.:.:.:.+.....x+..x+..x+..</rhythm>
  </song>
  <song name="loop_Nanox">
    <title>Singularity - Nanox</title>
    <source>http://0x40Hues.blogspot.com/Sources/Defaults#loop_Nanox</source>
    <rhythm>o.....o.x...o.......o...x.......o.....o.x...o.......o...x.......|x|x|x|.x...|x|x|x|xo...x.......|x|x|x|.x...|x|x|x|xo...x.......o.....o.x...o.......o...x.......o.....o.x...o.......o...x.......|x|x|x|.x...|x|x|x|xo...x.......|x|x|x|.x...|x|x|x|xo...x.......</rhythm>
  </song>
  <song name="loop_BlackEarth">
    <title>Dayseeker - Black Earth</title>
    <source>http://0x40Hues.blogspot.com/Sources/Defaults#loop_BlackEarth2</source>
    <rhythm>--------o.....o.....o...+...............................x.......x.x.x.x.o.....o.....o...+...........................x...x.......--------o.....o.....o...+...............................x.......x.x.x.x.o.....o.....o...+...........................x...x.......</rhythm>
  </song>
  <song name="loop_EarlyMorningMay">
    <title>Ronald Jenkees - Early Morning May</title>
    <source>http://0x40Hues.blogspot.com/Sources/Defaults#loop_EarlyMorningMay</source>
    <rhythm>o.......x.......o.......x.....o.o.......o.......o...o...o...o...o.......x.......o.......x.....o.o.......x.......o.......x.....o.</rhythm>
  </song>
  <song name="loop_Weapon">
    <title>deadmau5 - Raise Your Weapon (Madeon Remix)</title>
    <source>http://0x40Hues.blogspot.com/Sources/Defaults#loop_Weapon</source>
    <rhythm>o.-.x...o...x...o.-.x...o...x...o.-.x...o...x...o.-.x...o...x...o.-.x...o...x...o.-.x...o...x...o..o..o...o...o.............x...</rhythm>
    <buildup>build_Weapon</buildup>
    <buildupRhythm>----</buildupRhythm>
  </song>
  <song name="loop_LoveOnHaightStreet">
    <title>BT - Love On Haight Street </title>
    <source>http://0x40Hues.blogspot.com/Sources/Defaults#loop_LoveOnHaightStreet</source>
    <rhythm>o.....x.........o.ox....oo..o...x....o...o..x......o..o..x...o.....o..x....oo..o...x....+...o+..x.+...x..o.ox.....o..o...x.....oo..o..x.....o.o.o..x..oooo......x..o.....o..x.....oo..o..x.....o..oo..x............x.......oo.ox.....oo..o..x.....o...+.........</rhythm>
    <buildup>build_LoveOnHaightStreet</buildup>
    <buildupRhythm>x......:......:.....:......:.....:.....:......:.....</buildupRhythm>
  </song>
  <song name="loop_TheClockmaker">
    <title>Vexare - The Clockmaker</title>
    <source>http://0x40Hues.blogspot.com/Sources/Defaults#loop_TheClockmaker</source>
    <rhythm>o.......-...+...x...-----...-...o..:..:.o....:..x.......o...-...o...........o...x.....x.....x...o...............+...............o.......----o--.x.......-...-...o..:..:.o....:..x.......o.-.-.-.o...........o...x...............o.......o.......x...............:...:...:...:.+.x...-----...-...o..:..:.o....:..x.......o...-...o...........o...x.....x.....x...o...............+...............o...........----x.....-.-...-...o..:..:.o....:..x.......o.-.-.-.o...........o...x...............o.......o.......x.....x.....-...</rhythm>
    <buildup>build_TheClockmaker</buildup>
    <buildupRhythm>+....</buildupRhythm>
  </song>
  <song name="Diamond_loop">
    <title>Xilent ft. Diamond Eyes - Animation</title>
    <source>https://www.youtube.com/watch?v=K0acU4Ep1ZI</source>
    <rhythm>OOO..x....o.x.....o.x.....o.x...OOO..x....o.x.....o.x.....o.x...OOO..x....o.x.....o.x.....o.x...OOO..x....o.x...x+o+x+o+x+o+x▽..OOO..x....o.x.....o.x.....o.x...OOO..x....o.x.....o.x.....o.x...OOO..x....o.x.....o.x.....o.x...OOO..x....o.x...!.~.............o....x....o.x...o....x....o.x...o....x....o.x...o....x....o.x...o....x....o.x...o....x....o.x...o....x....o.x...o....x....o.xssso....x....o.x...o....x....o.x...o....x....o.x...o....x....o.x...o....x....o.x...o....x....o.x...o.....¡..-..¡..-..¡..-..¡.|.|.||OOO..o....o.x.....o.x.....o.x...OOO..o....o.x.....o.x.....o.x...OOO..o....o.x.....o.x.....o.x...OOO..o....o.x...x+o+x+o+x+o+x▽..OOO..o....o.x.....o.x.....o.x...OOO..o....o.x.....o.x.....o.x...OOO..o....o.x.....o.x.....o.x...OOO..o....o.x...!.~.............o...............................-...........-...................-.....-.....-...................-.....-.....=...................-.....:.....:.....:.....:.....:.-.....:.....-.....:.....:.....:.-.....-.....-.....:.....:.....:.:...:.:=....=...................x.....x.....x.....x.....x...x...x.....x.....x.....x.....x...x...x.....x.....x.....x.....x...x...x.....x.....x.....x.....x...x...X.....X.....X.....X.....X...X...X.....X.....X.....X.....X...X...X.....X.....X.....X.....X...X...x.x...x.x...x.x.o.+.............</rhythm>
    <rhythm2>:::.............................:::.............................:::.............................:::.............................:::.............................:::.............................:::.............................:::.................s.v.s.v.s...i...............................................................................................................................△........................_......_...............................................................~...△..¯.....¯..△..¯........_...:::.............................:::.............................:::.............................:::.............................:::.............................:::.............................:::.............................:::.................s.v.s.v.s..._.......................................................................................................................................................................................................................................▽......_....▽....._.....¯...............................................................................................................................=.....=.....=.....=.....=...=...=.....=.....=.....=.....=...=...=.....=.....=.....=.....=...=...|.|...|.|...|.|.................</rhythm2>
    <rhythm3>XXX.............................XXX.............................XXX.............................XXX.............................XXX.............................XXX.............................XXX.............................XXX........................&gt;....¯...............................................................................................................................i...............................................................................................................................XXX.............................XXX.............................XXX.............................XXX.............................XXX.............................XXX.............................XXX.............................XXX........................&gt;....¯...............................................................................................................................................................................................................................▽......._...▽......_....▽......_△..............................................................................................._...............................................................................................................................................................</rhythm3>
    <rhythm4>¯........._.........................................................................................................................................................................................................................................▽...........¯.._......................................................................................................................................................................................................................................△..¯........△..¯........._............................................................................................................................................................................................................................................................△..............................._...............................................................................................△..............................._...................................................................▽......._...▽......_.....sss¯.._............................................................................................................................................................................................................................................................</rhythm4>
    <buildup>Diamond_build</buildup>
    <buildupRhythm>△.▼................................................................................................._...........................x.┊.x.┊.x.┊.x.┊.x.┊.x.┊.x.┊.x.┊.x.┊.x.┊.x.┊.x.┊.x.┊.x.┊.x.┊.x.┊.=.=.=.=.=.=.=.=.=.=.=.=.=.=.=.=.=.=.=.=.=.=.=.=.================</buildupRhythm>
    <buildupRhythm2>.~...............................~...............................~...............................~.._...........................................................................................................................................................</buildupRhythm2>
    <buildupRhythm3>x........*.*.*.......*.*.*.*....-........*.*.*.......*.*.*.*....-........*.*.*.......*.*.*.*....-....*...*.*.*.......*.*.*.*....................................................................................................................................</buildupRhythm3>
    <buildupRhythm4>....v...s.v.s.v.....s.v.s.v.s...ii..v...s.v.s.v.....s.v.s.v.s...ii..v...s.v.s.v.....s.v.s.v.s...ii..v...s.v.s.v.....s.v.s.v.s...¯.._...................................................................▽........................................................</buildupRhythm4>
  </song>
  <song name="loop_EverythingGoesOn">
    <title>Porter Robinson - Everything Goes On</title>
	<source>https://www.youtube.com/watch?v=izHyKdrSKvo</source>
    <rhythm>▲..................................o.o...x...ooo.o...o...x...o.o...o.o...x...ooo.o...o...x...o.x...o.o...x...ooo.o...o...x...ooo.o...o...x...o.o.x.o...o..Sv..Vs.o.x...x...o.o.o.x...o.x...o.o.o.o.x...x...o.o.o.x...o.x...o.o.o.o.x...x...o.o.o.x...o.x...o.o.o.o.x...x...o.o.o.x...o.x...o.o.o.o.x...x...o.o.o.x...o.x...o.o.o.o.x...x...o.o.o.o...o.x...o.o.o.o.x...o...o.o.o.x...o.o...o.o.o.o.x...o...o.o.o.x.:...o..oo.o.SVSVo...o.....:.o...:...x...:...:...:...o.....:.x...:..:o...:...x...:...o.....:.x...:...o...:...:...:...x.....:.o.:.:...o..::...ossv:...o....:..o...:...o...:...:...:...o.....:.o...:..:o..::...o...:...o.....:.o...:...o...:...:...:...o.....:.o.:.:...o...:...o...-...-...-...-...-...-...-...-...-...-...-...-...-...-...-...-...-...-...-...-...-...-...-...-...-...-...-...-...-...-...-...-...=...=...=...=...=...=...=...=...=...=...=...=...=...=...=...=...=...=...=...=...=...=...=...=...=...=...=...=...oss.V...S...v...o.:.x.....:.o...:...o.:...:.x...:...x.....:.o...:..:o...:...x...:...x.....:.o...:...o.:...:.x...o.x.:.:.o.x.:.:.o.x.:.:.o.:.xoxo:...o.....:.x...:...o.:...:.x...:...o.....:.x...:..:o...:...x...:...o.:...oxo...:...o...x.x.xooo:.:.x...:.:.o.:.:...:.....ooo:o.................................................................................................................o...o..xx.x.o................................................................................................................................SVS:...o.....:.o...:...o...:...:...:...o.....:.o...:..:o...:...o...:...o.....:.o...:...o...:...:...:...o.....:.o.:.:...o...x...o....(...............(...............(...............(...............(...............(...............(...............(.........~.....=...............=...............=...............=...............=...............=...............=...............=.....+.....SVSo...o.....:.o...:...o.:...:.o...:...o.....:.o...:..:o...:...o...:...o.....:.o...:...o.:...:.o...:...o.:...:.o.:....:o.:...:.oooo:...o.....:.o...:...o.:...:.o...:...o.....:.o...:..:o...:...o...:...o.:...ooo...:...o...o.o.ooo.:.:.o....:.:o..x......................▼................................</rhythm>
    <rhythm2>...................................................................................................................................................................................................................................................................................................................................................................................................................................................................................................................................................................................................................................................................................................................................................................................................................................................................................................................................................▼...▲..._.......................................................................................................................................................................................................................................................................o.o...x...ooo.o...o...x...o.o...o.o...x...ooo.o...o...x...o.x...o.o...x...ooo.o...o...x...ooo.o...o...x...o.o.o...............o.x...x...o.o.o.o.x...x...o.o.o.o.x...x...o.o.o.x...o.x...o.o.o.o.x...x...o.o.o.x...o.x...o.o.o.o.x...x...o.o.o.x...o.x...o.o.o.o.x...x...o.o.o..........................................................................................................................................................................................................................................................................................................................................................................................................................................................................................................................................................................................................................................................................................</rhythm2>
  </song>
</songs>